<?xml version="1.0" encoding="UTF-8"?><?xml-stylesheet type='text/xsl' href='_UpgradeReport_Files/UpgradeReport.xslt'?><UpgradeLog>
<Properties><Property Name="Solution" Value="Trace2011">
</Property><Property Name="Solution File" Value="C:\Users\Super\Desktop\Stage\Original\Trace2011\Trace2011.sln">
</Property><Property Name="Date" Value="Monday, May 12, 2014">
</Property><Property Name="Time" Value="11:17 AM">
</Property></Properties><Event ErrorLevel="0" Project="Trace2011" Source="Trace2011.vbproj" Description="The project file does not require conversion.">
</Event><Event ErrorLevel="3" Project="Trace2011" Source="Trace2011.vbproj" Description="No Conversion Required">
</Event><Event ErrorLevel="0" Project="" Source="Trace2011.sln" Description="Solution converted successfully">
</Event><Event ErrorLevel="3" Project="" Source="Trace2011.sln" Description="Converted">
</Event></UpgradeLog>